{
  "r_gain": 0.999207229681271,
  "b_gain": 1.5874456763267517,
  "saved_at_unix": 1776871596.2885432
}